{
  "formatVersion" : 1,
  "documentType" : "triangle-mesher-input",
  "name" : "20260625-143912-262-000059-java",
  "tags" : [ ],
  "input" : {
    "pointList" : [ 1.0, 2.0, -1.110223E-16, 2.0, 0.0, 0.0, 1.0, 0.0, 1.0, 0.15, 0.57510718, 0.15, 0.36266077, 0.15, 0.25643756, 0.15, 0.20332596, 0.15, 0.17677016, 0.15, 0.16349226, 0.15, 0.15685331, 0.15, 0.15353384, 0.15, 0.1518741, 0.15, 0.15083754, 0.15001329, 0.15005037, 0.15068663, 0.15, 0.1518741, 0.15, 0.15353384, 0.15, 0.15685331, 0.15, 0.16349226, 0.15, 0.17677016, 0.15, 0.20332596, 0.15, 0.25643756, 0.15, 0.36266077, 0.15, 0.57510718, 0.15, 1.0, 0.15, 1.4248928, 0.15, 1.6373392, 0.15, 1.7435624, 0.15, 1.796674, 0.15, 1.8232298, 0.15, 1.8365077, 0.15, 1.8431467, 0.15, 1.8464662, 0.15, 1.8481259, 0.15001329, 1.8491625, 0.15068663, 1.8499496, 0.1518741, 1.85, 0.15353384, 1.85, 0.15685331, 1.85, 0.16349226, 1.85, 0.17677016, 1.85, 0.20332596, 1.85, 0.25643756, 1.85, 0.36266077, 1.85, 0.57510718, 1.85, 1.0, 1.85, -1.5, 2.0, 2.5, 2.0, 2.5, 2.15, -1.5, 2.15 ],
    "segmentList" : [ 30, 31, 23, 24, 22, 23, 3, 4, 42, 43, 19, 20, 32, 33, 7, 8, 0, 46, 2, 3, 41, 42, 27, 28, 13, 14, 1, 47, 20, 21, 15, 16, 33, 34, 10, 11, 18, 19, 49, 50, 9, 10, 39, 40, 48, 49, 26, 27, 11, 12, 25, 26, 12, 13, 45, 46, 17, 18, 44, 45, 40, 41, 24, 25, 31, 32, 38, 39, 29, 30, 0, 1, 28, 29, 1, 2, 34, 35, 43, 44, 8, 9, 4, 5, 6, 7, 36, 37, 35, 36, 37, 38, 14, 15, 21, 22, 16, 17, 5, 6, 0, 48, 47, 50 ],
    "segmentMarkerList" : [ 1, 1, 1, 1, 1, 1, 1, 2, 2, 1, 1, 1, 2, 2, 1, 2, 1, 2, 1, 2, 2, 1, 1, 1, 2, 1, 2, 1, 1, 1, 1, 1, 1, 1, 1, 2, 1, 1, 1, 1, 2, 2, 2, 1, 1, 1, 2, 1, 1, 2, 1, 1 ],
    "holeList" : [ ],
    "regionList" : [ 0.49999999999999994, 1.925, 1.0, 3.781626061020398E-4, 0.5, 2.075, 2.0, 3.781626061020398E-4 ],
    "numberOfPoints" : 51,
    "numberOfSegments" : 52,
    "numberOfHoles" : 0,
    "numberOfRegions" : 2,
    "minAngleDegrees" : 33.0,
    "quiet" : true
  }
}