{
  "formatVersion" : 1,
  "documentType" : "triangle-mesher-input",
  "name" : "20260625-143406-289-000027-java",
  "tags" : [ ],
  "input" : {
    "pointList" : [ 9.4077148E-19, -3.466178E-16, 1.5, 0.0, 1.5, 0.125, 0.08, 0.125, 0.08, 2.9, 1.0, 2.9, 1.0, 3.0, -2.5025316E-17, 3.0 ],
    "segmentList" : [ 1, 2, 5, 6, 4, 5, 2, 3, 0, 7, 6, 7, 3, 4, 0, 1 ],
    "segmentMarkerList" : [ 1, 1, 1, 2, 2, 2, 1, 1 ],
    "holeList" : [ ],
    "regionList" : [ 0.79, 0.0625, 1.0, 1.2273185750768953E-4 ],
    "numberOfPoints" : 8,
    "numberOfSegments" : 8,
    "numberOfHoles" : 0,
    "numberOfRegions" : 1,
    "minAngleDegrees" : 33.0,
    "quiet" : true
  }
}