{
  "formatVersion" : 1,
  "documentType" : "triangle-mesher-input",
  "name" : "20260625-143839-268-000044-java",
  "tags" : [ ],
  "input" : {
    "pointList" : [ 0.0, 0.0, 2.25, 0.0, 2.25, 0.25, 1.6876072, 0.25, 1.4064108, 0.25, 1.2658126, 0.25, 1.2570252, 0.25, 1.2526315, 0.25, 1.2515331, 0.25, 1.2505236, 0.25012077, 1.2500001, 0.25098953, 1.25, 0.25219093, 1.25, 0.26976571, 1.25, 0.30491526, 1.25, 0.37521436, 1.25, 1.5, 1.25, 2.6247856, 1.25, 2.6950847, 1.25, 2.7302343, 1.25, 2.7478091, 1.25, 2.7489075, 1.2504644, 2.7498445, 1.2515331, 2.75, 1.2526315, 2.75, 1.2570252, 2.75, 1.2658126, 2.75, 1.4064108, 2.75, 1.6876072, 2.75, 2.25, 2.75, 2.25, 3.0, 0.0, 3.0, 0.0, 2.75, 0.56239282, 2.75, 0.84358923, 2.75, 0.98418744, 2.75, 0.99297482, 2.75, 0.99736852, 2.75, 0.99846694, 2.75, 0.9994764, 2.7498792, 0.99999995, 2.7490105, 1.0, 2.7478091, 1.0, 2.7302343, 1.0, 2.6950847, 1.0, 2.6247856, 1.0, 1.5, 1.0, 0.37521436, 1.0, 0.30491526, 1.0, 0.26976571, 1.0, 0.25219093, 1.0, 0.25109251, 0.99953558, 0.25015552, 0.99846694, 0.25, 0.99736852, 0.25, 0.99297482, 0.25, 0.98418744, 0.25, 0.84358923, 0.25, 0.56239282, 0.25, 0.0, 0.25 ],
    "segmentList" : [ 53, 54, 35, 36, 52, 53, 38, 39, 4, 5, 47, 48, 42, 43, 11, 12, 40, 41, 0, 57, 6, 7, 10, 11, 12, 13, 14, 15, 19, 20, 15, 16, 43, 44, 0, 1, 16, 17, 45, 46, 18, 19, 1, 2, 41, 42, 27, 28, 17, 18, 24, 25, 39, 40, 50, 51, 26, 27, 21, 22, 30, 31, 23, 24, 28, 29, 9, 10, 33, 34, 34, 35, 5, 6, 36, 37, 37, 38, 44, 45, 2, 3, 46, 47, 49, 50, 20, 21, 55, 56, 32, 33, 8, 9, 56, 57, 7, 8, 48, 49, 54, 55, 25, 26, 51, 52, 13, 14, 31, 32, 3, 4, 22, 23, 29, 30 ],
    "segmentMarkerList" : [ 2, 1, 2, 1, 2, 2, 2, 1, 2, 1, 2, 2, 1, 1, 1, 1, 2, 1, 1, 2, 1, 1, 2, 1, 1, 1, 1, 2, 1, 1, 2, 1, 1, 2, 1, 1, 2, 1, 1, 2, 2, 2, 2, 1, 2, 1, 2, 2, 2, 2, 2, 1, 2, 1, 1, 2, 1, 2 ],
    "holeList" : [ ],
    "regionList" : [ 1.125, 2.875, 1.0, 8.09376879615511E-4 ],
    "numberOfPoints" : 58,
    "numberOfSegments" : 58,
    "numberOfHoles" : 0,
    "numberOfRegions" : 1,
    "minAngleDegrees" : 33.0,
    "quiet" : true
  }
}