{
  "formatVersion" : 1,
  "documentType" : "triangle-mesher-input",
  "name" : "poly-8gon-04",
  "tags" : [ ],
  "input" : {
    "pointList" : [ -0.04, 2.3, -0.04, 0.08, -0.91, 0.08, -0.91, 0.0, 0.04, 7.4935894E-17, 0.04, 2.22, 0.71, 2.22, 0.71, 2.3 ],
    "segmentList" : [ 0, 1, 0, 7, 4, 5, 6, 7, 3, 4, 1, 2, 5, 6, 2, 3 ],
    "segmentMarkerList" : [ 2, 1, 1, 1, 1, 2, 1, 2 ],
    "holeList" : [ ],
    "regionList" : [ 0.33499999999999996, 2.26, 1.0, 8.529779258642228E-5 ],
    "numberOfPoints" : 8,
    "numberOfSegments" : 8,
    "numberOfHoles" : 0,
    "numberOfRegions" : 1,
    "minAngleDegrees" : 33.0,
    "quiet" : true
  }
}