{
  "formatVersion" : 1,
  "documentType" : "triangle-mesher-input",
  "name" : "poly-43gon",
  "tags" : [ ],
  "input" : {
    "pointList" : [ -0.005, 0.0, 1.245, 0.0, 1.245, 0.01, 0.57760718, 0.01, 0.24391077, 0.01, 0.077062565, 0.01, 0.035350514, 0.01, 0.014494488, 0.01, 0.0092804816, 0.01, 0.0066734784, 0.01, 0.0056620153, 0.010058848, 0.0050139536, 0.010833529, 0.005, 0.021790257, 0.005, 0.10521436, 0.005, 1.44, 0.005, 2.7747856, 0.005, 2.9416338, 0.005, 2.9833459, 0.005, 2.9885599, 0.0051854284, 2.9895801, 0.0061068127, 2.99, 0.009202629, 2.99, 0.019630642, 2.99, 0.040486667, 2.99, 0.12391077, 2.99, 0.45760718, 2.99, 1.125, 2.99, 1.125, 3.0, -1.125, 3.0, -1.125, 2.99, -0.09760718, 2.99, -0.033395129, 2.99, -0.017342116, 2.99, -0.0093156095, 2.99, -0.0073089829, 2.99, -0.0063056696, 2.99, -0.0053109914, 2.9897248, -0.005, 2.987867, -0.005, 2.9858604, -0.005, 2.9537544, -0.005, 2.8253303, -0.005, 2.5684821, -0.005, 2.0547856 ],
    "segmentList" : [ 40, 41, 33, 34, 18, 19, 25, 26, 14, 15, 20, 21, 1, 2, 22, 23, 36, 37, 41, 42, 15, 16, 4, 5, 0, 1, 28, 29, 24, 25, 39, 40, 38, 39, 29, 30, 23, 24, 34, 35, 26, 27, 11, 12, 7, 8, 37, 38, 10, 11, 9, 10, 16, 17, 5, 6, 12, 13, 0, 42, 13, 14, 35, 36, 6, 7, 27, 28, 30, 31, 2, 3, 21, 22, 19, 20, 3, 4, 8, 9, 17, 18, 31, 32, 32, 33 ],
    "segmentMarkerList" : [ 2, 1, 1, 1, 1, 1, 1, 1, 1, 2, 1, 2, 1, 2, 1, 2, 2, 1, 1, 1, 1, 2, 2, 2, 2, 2, 1, 2, 1, 1, 1, 1, 2, 2, 1, 2, 1, 1, 2, 2, 1, 1, 1 ],
    "holeList" : [ ],
    "regionList" : [ 0.91130359, 0.005, 1.0, 1.0E-5 ],
    "numberOfPoints" : 43,
    "numberOfSegments" : 43,
    "numberOfHoles" : 0,
    "numberOfRegions" : 1,
    "minAngleDegrees" : 33.0,
    "quiet" : true
  }
}