{
  "formatVersion" : 1,
  "documentType" : "triangle-mesher-input",
  "name" : "poly-49gon",
  "tags" : [ ],
  "input" : {
    "pointList" : [ -0.005, 0.0, 1.495, 0.0, 1.495, 0.01, 0.75010718, 0.01, 0.37766077, 0.01, 0.19143756, 0.01, 0.098325962, 0.01, 0.051770161, 0.01, 0.028492261, 0.01, 0.01685331, 0.01, 0.011033835, 0.01, 0.0081240975, 0.01, 0.0066692287, 0.01, 0.0056324742, 0.010069987, 0.0050016927, 0.010941841, 0.005, 0.013124097, 0.005, 0.016033835, 0.005, 0.02185331, 0.005, 0.033492261, 0.005, 0.056770161, 0.005, 0.10332596, 0.005, 0.19643756, 0.005, 0.38266077, 0.005, 0.75510718, 0.005, 1.5, 0.005, 2.2448928, 0.005, 2.6173392, 0.005, 2.8035624, 0.005, 2.896674, 0.005, 2.9432298, 0.005, 2.9665077, 0.005, 2.9781467, 0.005, 2.9839662, 0.005, 2.9868759, 0.005, 2.9883308, 0.0050699867, 2.9893675, 0.0059418411, 2.9899983, 0.0081240975, 2.99, 0.011033835, 2.99, 0.01685331, 2.99, 0.028492261, 2.99, 0.051770161, 2.99, 0.098325962, 2.99, 0.19143756, 2.99, 0.37766077, 2.99, 0.75010718, 2.99, 1.495, 2.99, 1.495, 3.0, -0.005, 3.0 ],
    "segmentList" : [ 27, 28, 44, 45, 28, 29, 6, 7, 45, 46, 8, 9, 39, 40, 20, 21, 4, 5, 32, 33, 34, 35, 31, 32, 18, 19, 1, 2, 30, 31, 12, 13, 15, 16, 26, 27, 29, 30, 7, 8, 10, 11, 41, 42, 37, 38, 11, 12, 42, 43, 3, 4, 46, 47, 0, 1, 25, 26, 35, 36, 43, 44, 36, 37, 23, 24, 0, 48, 16, 17, 13, 14, 21, 22, 2, 3, 33, 34, 14, 15, 47, 48, 19, 20, 40, 41, 24, 25, 5, 6, 22, 23, 9, 10, 38, 39, 17, 18 ],
    "segmentMarkerList" : [ 1, 1, 1, 2, 1, 2, 1, 1, 2, 1, 1, 1, 1, 1, 1, 2, 1, 1, 1, 2, 2, 1, 1, 2, 1, 2, 1, 1, 1, 1, 1, 1, 1, 1, 1, 2, 1, 2, 1, 2, 2, 1, 1, 1, 2, 1, 2, 1, 1 ],
    "holeList" : [ ],
    "regionList" : [ 0.7450000000000001, 2.995, 1.0, 1.0E-5 ],
    "numberOfPoints" : 49,
    "numberOfSegments" : 49,
    "numberOfHoles" : 0,
    "numberOfRegions" : 1,
    "minAngleDegrees" : 33.0,
    "quiet" : true
  }
}