{
  "formatVersion" : 1,
  "documentType" : "triangle-mesher-input",
  "name" : "poly-8gon-01",
  "tags" : [ ],
  "input" : {
    "pointList" : [ 3.0074536E-17, -1.5203304E-16, 1.5, 0.0, 1.5, 0.25, 0.25, 0.25, 0.25, 2.75, 1.5, 2.75, 1.5, 3.0, -3.6389963E-16, 3.0 ],
    "segmentList" : [ 0, 7, 0, 1, 2, 3, 1, 2, 6, 7, 3, 4, 4, 5, 5, 6 ],
    "segmentMarkerList" : [ 2, 1, 2, 1, 2, 1, 1, 1 ],
    "holeList" : [ ],
    "regionList" : [ 0.7499999999999998, 2.875, 1.0, 7.942134005461039E-4 ],
    "numberOfPoints" : 8,
    "numberOfSegments" : 8,
    "numberOfHoles" : 0,
    "numberOfRegions" : 1,
    "minAngleDegrees" : 33.0,
    "quiet" : true
  }
}