{
  "formatVersion" : 1,
  "documentType" : "triangle-mesher-input",
  "name" : "poly-38gon-2reg",
  "tags" : [ ],
  "input" : {
    "pointList" : [ 0.0, 0.0, 2.25, 0.0, 2.25, 0.25, 1.6876072, 0.25, 1.4064108, 0.25, 1.2658126, 0.25, 1.2570252, 0.25, 1.2526315, 0.25, 1.2515331, 0.25, 1.2505236, 0.25012077, 1.2500001, 0.25098953, 1.25, 0.25219093, 1.25, 0.26976571, 1.25, 0.30491526, 1.25, 0.37521436, 1.25, 1.5, 1.25, 2.6247856, 1.25, 2.6950847, 1.25, 2.7302343, 1.25, 2.7478091, 1.25, 2.7489075, 1.2504644, 2.7498445, 1.2515331, 2.75, 1.2526315, 2.75, 1.2570252, 2.75, 1.2658126, 2.75, 1.4064108, 2.75, 1.6876072, 2.75, 2.25, 2.75, 2.25, 2.85, 0.0, 2.85, 0.0, 2.75, 0.56239282, 2.75, 0.84358923, 2.75, 0.98418744, 2.75, 0.99297482, 2.75, 0.99736852, 2.75, 0.99846694, 2.75, 0.9994764, 2.7498792, 0.99999995, 2.7490105, 1.0, 2.7478091, 1.0, 2.7302343, 1.0, 2.6950847, 1.0, 2.6247856, 1.0, 1.5, 1.0, 0.37521436, 1.0, 0.30491526, 1.0, 0.26976571, 1.0, 0.25219093, 1.0, 0.25109251, 0.99953558, 0.25015552, 0.99846694, 0.25, 0.99736852, 0.25, 0.99297482, 0.25, 0.98418744, 0.25, 0.84358923, 0.25, 0.56239282, 0.25, 0.0, 0.25, 2.25, 3.0, 0.0, 3.0 ],
    "segmentList" : [ 54, 55, 11, 12, 0, 1, 9, 10, 30, 59, 34, 35, 44, 45, 20, 21, 25, 26, 41, 42, 29, 30, 46, 47, 36, 37, 26, 27, 53, 54, 32, 33, 12, 13, 49, 50, 29, 58, 42, 43, 39, 40, 3, 4, 47, 48, 6, 7, 16, 17, 45, 46, 37, 38, 52, 53, 33, 34, 10, 11, 23, 24, 14, 15, 7, 8, 58, 59, 8, 9, 21, 22, 48, 49, 22, 23, 38, 39, 40, 41, 18, 19, 35, 36, 4, 5, 1, 2, 30, 31, 5, 6, 51, 52, 28, 29, 50, 51, 15, 16, 56, 57, 19, 20, 43, 44, 24, 25, 55, 56, 2, 3, 31, 32, 17, 18, 0, 57, 13, 14, 27, 28 ],
    "segmentMarkerList" : [ 2, 1, 1, 2, 1, 1, 2, 1, 1, 2, 2, 2, 1, 1, 2, 1, 1, 2, 1, 2, 1, 2, 2, 2, 1, 2, 1, 2, 1, 2, 1, 1, 2, 2, 2, 1, 2, 1, 1, 2, 1, 1, 2, 1, 2, 2, 2, 1, 2, 1, 2, 1, 2, 1, 2, 2, 1, 1, 1, 1, 1 ],
    "holeList" : [ ],
    "regionList" : [ 1.125, 2.8, 1.0, 8.09376879615511E-4, 1.125, 2.925, 2.0, 8.09376879615511E-4 ],
    "numberOfPoints" : 60,
    "numberOfSegments" : 61,
    "numberOfHoles" : 0,
    "numberOfRegions" : 2,
    "minAngleDegrees" : 33.0,
    "quiet" : true
  }
}