{
  "formatVersion" : 1,
  "documentType" : "triangle-mesher-input",
  "name" : "poly-33gon",
  "tags" : [ ],
  "input" : {
    "pointList" : [ -0.005, 0.0, 0.945, 0.0, 0.945, 0.01, 0.13760718, 0.01, 0.036683077, 0.01, 0.011452052, 0.01, 0.0082981736, 0.01, 0.0067212345, 0.01, 0.0056915815, 0.010048749, 0.0050150046, 0.010827419, 0.005, 0.011861363, 0.005, 0.013438303, 0.005, 0.016592181, 0.005, 0.029207694, 0.005, 0.079669745, 0.005, 0.28151795, 0.005, 0.68521436, 0.005, 2.3, -0.745, 2.3, -0.745, 2.29, -0.36630359, 2.29, -0.17695538, 2.29, -0.082281282, 2.29, -0.034944231, 2.29, -0.011275706, 2.29, -0.0083171399, 2.29, -0.006837857, 2.29, -0.0058218598, 2.289984, -0.0050535663, 2.2893229, -0.005, 2.2869713, -0.005, 2.2840127, -0.005, 2.2721785, -0.005, 1.5147856 ],
    "segmentList" : [ 22, 23, 12, 13, 31, 32, 28, 29, 29, 30, 8, 9, 5, 6, 18, 19, 23, 24, 26, 27, 15, 16, 21, 22, 6, 7, 2, 3, 25, 26, 16, 17, 9, 10, 27, 28, 0, 1, 1, 2, 7, 8, 20, 21, 4, 5, 17, 18, 14, 15, 30, 31, 3, 4, 13, 14, 19, 20, 24, 25, 10, 11, 0, 32, 11, 12 ],
    "segmentMarkerList" : [ 1, 1, 2, 1, 2, 2, 2, 2, 1, 1, 1, 1, 2, 2, 1, 1, 2, 1, 1, 1, 2, 1, 2, 2, 1, 2, 2, 1, 1, 1, 1, 1, 1 ],
    "holeList" : [ ],
    "regionList" : [ 0.54130359, 0.005, 1.0, 1.0E-5 ],
    "numberOfPoints" : 33,
    "numberOfSegments" : 33,
    "numberOfHoles" : 0,
    "numberOfRegions" : 1,
    "minAngleDegrees" : 33.0,
    "quiet" : true
  }
}