{
  "formatVersion" : 1,
  "documentType" : "triangle-mesher-input",
  "name" : "poly-27gon",
  "tags" : [ ],
  "input" : {
    "pointList" : [ 0.0, 0.0, 2.0, 0.0, 2.0, 0.2, 1.1001072, 0.2, 0.65016077, 0.2, 0.42518756, 0.2, 0.31270096, 0.2, 0.25645766, 0.2, 0.22833601, 0.2, 0.21427519, 0.2, 0.20724477, 0.2, 0.20372957, 0.2, 0.20197196, 0.2, 0.20092847, 0.20000256, 0.20007935, 0.20060962, 0.2, 0.20197196, 0.2, 0.20372957, 0.2, 0.20724477, 0.2, 0.21427519, 0.2, 0.22833601, 0.2, 0.25645766, 0.2, 0.31270096, 0.2, 0.42518756, 0.2, 0.65016077, 0.2, 1.1001072, 0.2, 2.0, 0.0, 2.0 ],
    "segmentList" : [ 10, 11, 15, 16, 20, 21, 14, 15, 9, 10, 0, 26, 7, 8, 5, 6, 11, 12, 25, 26, 18, 19, 13, 14, 6, 7, 2, 3, 0, 1, 22, 23, 19, 20, 8, 9, 12, 13, 16, 17, 23, 24, 21, 22, 3, 4, 17, 18, 4, 5, 1, 2, 24, 25 ],
    "segmentMarkerList" : [ 2, 1, 1, 2, 2, 1, 2, 2, 2, 2, 1, 2, 2, 2, 1, 1, 1, 2, 2, 1, 1, 1, 2, 1, 2, 1, 1 ],
    "holeList" : [ ],
    "regionList" : [ 1.5500536, 0.1, 1.0, 5.014324776349524E-4 ],
    "numberOfPoints" : 27,
    "numberOfSegments" : 27,
    "numberOfHoles" : 0,
    "numberOfRegions" : 1,
    "minAngleDegrees" : 33.0,
    "quiet" : true
  }
}