{
  "formatVersion" : 1,
  "documentType" : "triangle-mesher-input",
  "name" : "rect-3x4-poly-30gon-inner",
  "tags" : [ ],
  "input" : {
    "pointList" : [ -5.9067004E-16, 4.0, -1.7347138E-18, -7.8602131E-19, 3.0, -5.5943097E-16, 3.0, 4.0, 0.01, 3.99, 1.7498928, 3.99, 2.6198392, 3.99, 2.8373258, 3.99, 2.9460691, 3.99, 2.973255, 3.99, 2.9868479, 3.99, 2.988547, 3.99, 2.9895718, 3.9898204, 2.99, 3.9889004, 2.99, 3.9876261, 2.99, 3.985927, 2.99, 3.9791305, 2.99, 3.9247588, 2.99, 3.4897856, 2.99, 0.01, 1.2501072, 0.01, 0.38016077, 0.01, 0.16267417, 0.01, 0.053930866, 0.01, 0.026745041, 0.01, 0.013152128, 0.01, 0.011453014, 0.01, 0.010428162, 0.010179634, 0.01, 0.011099598, 0.01, 0.012373934, 0.01, 0.014073048, 0.01, 0.020869504, 0.01, 0.075241155, 0.01, 0.51021436 ],
    "segmentList" : [ 5, 6, 23, 24, 21, 22, 19, 20, 30, 31, 9, 10, 13, 14, 4, 5, 15, 16, 25, 26, 4, 33, 32, 33, 0, 1, 16, 17, 17, 18, 20, 21, 24, 25, 0, 3, 22, 23, 26, 27, 10, 11, 31, 32, 6, 7, 7, 8, 1, 2, 8, 9, 27, 28, 11, 12, 14, 15, 18, 19, 2, 3, 28, 29, 12, 13, 29, 30 ],
    "segmentMarkerList" : [ 1, 2, 2, 2, 1, 1, 2, 1, 2, 2, 2, 1, 1, 2, 2, 2, 2, 1, 2, 2, 1, 1, 1, 1, 1, 1, 2, 1, 2, 2, 1, 1, 1, 1 ],
    "holeList" : [ ],
    "regionList" : [ 2.9947859, 3.9949102, 1.0, 1.6423579906314282E-5 ],
    "numberOfPoints" : 34,
    "numberOfSegments" : 34,
    "numberOfHoles" : 0,
    "numberOfRegions" : 1,
    "minAngleDegrees" : 33.0,
    "quiet" : true
  }
}